nom_utilisateur,date_publication
morcohenet,2021-10-05
morcohenet,2021-09-30
_girlmomlennial,2021-09-29
morcohenet,2021-09-27
drnoggins,2021-09-25
nicolahunte,2021-09-24
morcohenet,2021-09-20
elvirahessphotography,2021-09-16
elvirahessphotography,2021-09-16
see.steph.go,2021-09-08
tea.m.gee,2021-09-04
emilia_creative.love.soul,2021-09-01
jpfwtx,2021-08-29
mrbryanwest,2021-08-23
npc7799,2021-08-21
metztlibrown,2021-08-16
dmass_24,2021-08-16
dmass_24,2021-08-16
dmass_24,2021-08-16
ebilcookie,2021-08-15
shamw0w,2021-08-14
vocations_marianist.us,2021-08-07
elgeofisico,2021-08-06
jozhelton,2021-08-05
khalilcosa,2021-08-05
marknubani911,2021-08-05
marknubani911,2021-08-05
jozhelton,2021-08-05
marknubani911,2021-08-04
themonthlymigrant,2021-08-04
kimmies626,2021-08-03
anaba3z,2021-08-01
s.haylalouque,2021-07-28
themonthlymigrant,2021-07-26
themonthlymigrant,2021-07-24
marknubani911,2021-07-22
marknubani911,2021-07-22
marknubani911,2021-07-22
jay.jop,2021-07-20
survivorsarah,2021-07-18
yoyo_glo,2021-07-15
shamw0w,2021-07-12
shamw0w,2021-07-08
shamw0w,2021-07-01
markpadilla9422,2021-06-16
widebody_baby392,2021-06-11
frankriggle_firsttexas,2021-06-07
frankriggle,2021-06-07
orionlillis21,2021-06-06
just_go_c,2021-06-05
meli.llamas,2021-06-03
hellen_rouge,2021-05-22
jordanpowell93,2021-05-22
sudsampath,2021-05-20
mookiejowmes,2021-05-15
thepedrazas,2021-05-02
not_allwhowander_are_lost,2021-04-28
not_allwhowander_are_lost,2021-04-28
el_limo_shook87,2021-04-28
renecizio,2021-04-27
hellen_rouge,2021-04-26
scoots_and_sweets_adventures,2021-04-26
jeremy.gerritsen,2021-04-19
allpraisejc,2021-04-15
libnilov,2021-04-11
jeremy.gerritsen,2021-04-07
nybx_718,2021-04-07
radiantlyrebe,2021-04-05
winddancerphotos,2021-04-04
thuyanhdallas,2021-03-23
marissacrowell,2021-03-21
raquel_nava,2021-03-21
mhgilker,2021-03-17
ryanp_williams,2021-03-14
quiet_mind_yoga,2021-03-09
sa.apartmentmaster,2021-03-09
dani_vargas77,2021-03-05
travelwithherstyle,2021-02-25
hikinghomeschooler,2021-02-23
travelwithherstyle,2021-02-16
ordaz.1380,2021-02-15
tru416,2021-02-14
aubreelorraine_photos,2021-02-11
apartmentexpert_tx,2021-02-10
gillomwalker,2021-02-07
gillomwalker,2021-02-07
serendipitystudios_families,2021-02-01
serendipitystudios_families,2021-02-01
aubreelorraine_photos,2021-01-28
travelwithherstyle,2021-01-26
martin_arthurs1,2021-01-25
makenna_rush,2021-01-23
serendipitystudios_families,2021-01-23
apartmentexpert_tx,2021-01-22
com.misvoyageur,2021-01-18
wispyfeatherfarm,2021-01-18
choosekindnessalways,2021-01-17
_beeanca18,2021-01-14
_beeanca18,2021-01-14
_beeanca18,2021-01-14
_beeanca18,2021-01-14
_beeanca18,2021-01-14
_beeanca18,2021-01-14
_beeanca18,2021-01-14
_beeanca18,2021-01-14
_beeanca18,2021-01-14
hellen_rouge,2021-01-12
manco_moto,2021-01-12
dan_leal4,2021-01-09
manco_moto,2021-01-08
manco_moto,2021-01-04
rockinrolando,2021-01-04
smiling._.lilyyy,2021-01-03
manco_moto,2021-01-01
acolb17,2020-12-28
elcoffeeconnoisseur,2020-12-23
cam__nicole,2020-12-22
aka_1335,2020-12-20
malou.rasmussen,2020-12-17
justinasher32,2020-12-16
ginaaa5,2020-12-13
_beeanca18,2020-12-10
fit4lifesteph,2020-12-08
diana.parshinn,2020-12-07
futuregarrett,2020-12-07
friggineasten,2020-12-06
suuu0055,2020-12-05
shanaya_homeandfashion,2020-12-04
markfeesellssarealestate,2020-11-30
markfeesellssarealestate,2020-11-30
terrilu66,2020-11-29
jcmoore2001,2020-11-28
quiet_mind_yoga,2020-11-24
kristarae5,2020-11-24
bigbigneighborhood,2020-11-22
shanaya_homeandfashion,2020-11-22
analisa.guasch,2020-11-21
_jimburrows4u,2020-11-21
nextstopretired,2020-11-17
cgg_monster,2020-11-16
emaliah82,2020-11-16
oldmanskarsgard,2020-11-16
3rdcoastpicknandflippn,2020-11-08
ron_m_ledbetter_art,2020-11-07
arreola1843,2020-11-07
milonicki,2020-11-05
brits_travels,2020-11-04
beautyxerinbrown,2020-11-03
carriehard,2020-10-30
jsnlwsn,2020-10-29
jsnlwsn,2020-10-29
jsnlwsn,2020-10-29
oyeshplsthnx,2020-10-28
oyeshplsthnx,2020-10-28
milonicki,2020-10-26
cassie_w.lynch,2020-10-25
hippiefairie,2020-10-19
shelby_land,2020-10-17
audrey_extra,2020-10-15
khalilcosa,2020-10-13
erdunagan,2020-10-09
bohobori.pr,2020-09-29
bohobori.pr,2020-09-27
bohobori.pr,2020-09-27
stebanino,2020-09-27
hellen_rouge,2020-09-24
macmccanntx,2020-09-19
hellen_rouge,2020-09-16
analisa.guasch,2020-09-14
silvervi23,2020-09-02
leahmusephotography,2020-09-02
noahhhhh_,2020-08-24
aubreelorraine_photos,2020-08-12
milonicki,2020-08-03
analisa.guasch,2020-08-01
atatexan,2020-07-25
sam.morare,2020-07-19
amabyaisha,2020-07-17
mentalninjitsu,2020-07-08
julianfernando.jr,2020-07-04
charcabanissrealestate,2020-06-21
